{"cameraMode":{"drawMode":0,"name":"Shaded","section":"Shading Mode"},"sceneLighting":false,"audioPlay":false,"sceneViewState":{"showFog":true,"showMaterialUpdate":false,"showSkybox":false,"showFlares":true,"showImageEffects":true,"showParticleSystems":true},"in2DMode":false,"pivot":{"x":3.8926925659179689,"y":-3.1817007064819338,"z":4.295680046081543},"rotation":{"x":0.3945769965648651,"y":0.09647459536790848,"z":-0.04170183464884758,"w":0.9128326773643494},"size":17.814178466796876,"orthographic":false}