{"cameraMode":{"drawMode":0,"name":"Shaded","section":"Shading Mode"},"sceneLighting":true,"audioPlay":false,"sceneViewState":{"showFog":true,"showMaterialUpdate":false,"showSkybox":true,"showFlares":true,"showImageEffects":true,"showParticleSystems":true},"in2DMode":false,"pivot":{"x":-0.3944263458251953,"y":-0.8814430236816406,"z":1.0657234191894532},"rotation":{"x":-0.09768304973840714,"y":0.8885889053344727,"z":-0.2234041690826416,"w":-0.3885338604450226},"size":30.054340362548829,"orthographic":false}